translated_question,subject,translated_choices,answer
"Bu, reklamın necə təsir göstərdiyini izah etmək üçün istifadə olunan təsir iyerarxiyası və ya ardıcıl modeldir:",marketing,['ƏLAVƏ.' 'AIDA.' 'PESTLE.' 'SWOT.'],1
"_____________ ünsiyyət prosesində mühüm elementdir. Bu, mənbə və qəbul edən tərəf bir-birini başa düşdüyü halda uğurlu ünsiyyətin əldə olunma ehtimalının daha yüksək olduğunu qəbul edir. ",marketing,['Anlama sahəsi.' 'Şəxsi satış.' 'Səs-küy.' 'Rəy.'],0
Marketinq tarixində istehsal dövrü nə vaxt başa çatdı?,marketing,['1800-cü illərin sonlarında.' '1900-cü illərin əvvəllərində.' '1920-ci illərdə.' 'İkinci Dünya Müharibəsi bitdikdən sonra.'],2
Xidmətin məhsulu nə dərəcədə əhatə etməsi bir sıra amillərdən asılı olaraq dəyişir. Aşağıdakılardan hansı bu amillərdən biri DEYİL?,marketing,['Məhsul növü ilə əlaqəli maddilik səviyyəsi.' 'Performans-dəyər.' 'Təklif və tələbdəki dəyişikliklər.' 'Xidmətin göstərilmə tərzi.'],1
"Bir icmada müstəqil yanacaqdoldurma məntəqələrinin sahibləri gizli olaraq görüşür və qazanc əldə etməyi qorumaq üçün qiymətlərini yüksək saxlamağa razılaşırlar. Onların planı aşkar edilərsə və cinayət ittihamı irəli sürülərsə, onlar ",marketing,"['Şerman Antimonopoliya Qanunu üzrə günahkar bilinib və həbs cəzası ilə üzləşib'
 'Magnuson-Moss Zəmanət Qanunu üzrə günahkar bilinib və böyük cərimələrlə üzləşib'
 'Adamson Qanunu üzrə günahkar bilinib və həbs cəzası və cərimələrlə üzləşib'
 'günahsız bilinib, çünki pərakəndə satıcılara öz qiymət səviyyələrini müəyyən etmək icazə verilir']",0
"""Marketinq qarışığı"" termini təsvir edir:",marketing,"['Şirkətin içərisində və xaricində olan bütün ekoloji faktorların birgə təhlili.'
 'Məhsulun satışını dəstəkləyən bir sıra biznes qərarları.'
 ""Şirkətin marketinq gücləri ilə onun biznes zəiflikləri arasındakı əlaqə.""
 'Müəyyən hədəf bazarlarını məmnun etmək üçün dörd strateji elementin birləşməsi.']",3
__________ təşkilata və DMU üzvlərinə məlumatın növünü və axınını nəzarət altına almaq potensialına malikdir.,marketing,['Qapıçılar.' 'Alıcılar.' 'İstifadəçilər.' 'İlkinlər.'],0
"İstehlakçının faktiki və arzuladığı vəziyyət arasında bir uyğunsuzluq, hansı ki, boşluq və ya problemin həll edilməsinə ehtiyac olduğunu tanıması adlanır:",marketing,['Motiv inkişafı.' 'Bir münasibət.' 'Özünüdərk.' 'Məhsulun qiymətləndirilməsi.'],0
Aşağıdakılardan hansı marketinq qarışığının elementi deyil?,marketing,['Təşviqat.' 'Məhsul.' 'Hədəf bazar.' 'Qiymətləndirmə.'],2
Jurnallarda pulsuz ətir nümunələrinin təqdim edilməsi aşağıdakılardan hansına misaldır?,marketing,['Klassik şərtləndirmə.' 'Operant şərtləndirmə.' 'Sosial öyrənmə.' 'Davranış öyrənməsi.'],0
Bazar seqmentasiyası niyə həyata keçirilir?,marketing,"['Böyük bazarları kiçik bazarlara bölmək üçün.'
 'Rəqibləri üstələmək üçün imkan yaratmaq üçün.'
 'Eyni tələbatlara malik müştəriləri qruplaşdıraraq, bu müştərilərə xidmət göstərmək üçün kommersiya baxımından məqbul bir üsul təqdim edir.'
 'Daha böyük bazar payına nail olmaq üçün.']",2
"Təşkilatda üç əsas alış növü mövcuddur, Robinson, Faris və Wind (1967) tərəfindən _____________ olaraq adlandırılmışdır.",marketing,['Təkrar alışlar.' 'Alış mərhələləri.' 'Alış sinifləri.' 'Tenderlər.'],2
Qalib gələn iştirakçının təklif etdiyi qiymətin çox aşağı olması səbəbindən zərərli bir müqavilə əldə etməsi və onu icra etməyə borclu olması aşağıdakı kimi adlandırılır:,marketing,"""Qalibin lənəti."" ""Qalibin qiyməti."" ""Qalibin mükafatı.""
 'Zərərli qiymət siyasəti.'",0
Bu bizə təqdim olunan bir təklifin miqdarının onun təklif edildiyi qiymətlə necə əlaqəli olduğunu müəyyən etməyə imkan verir:,marketing,['Qiymət paketlənməsi.' 'Qiymət elastikliyi.' 'Qiymət qeyri-elastikliyi.' 'Qiymət inflyasiyası.'],1
"________________ baş verir ki, burada alıcı və satıcı arasında əvvəlki mübadilə tarixi yoxdur və gələcək mübadilələr gözlənilmir.",marketing,['Əlaqələr marketinqi.' 'Xidmət qarışığı.' 'Bazar mübadilələri.' 'Xidmətin uğursuzluğu.'],2
"Elektron poçt vasitəsilə marketinq üsulu, burada mesajın alıcısı onu almağa razılıq vermişdir, belə adlanır:",marketing,['Axtarış marketinqi.' 'İnternet reklamı.' 'İcazə əsaslı e-poçt marketinqi.' 'Sosial veb marketinq.'],2
Kollektiv şəkildə təkliflərin son istifadəçilərə tez və səmərəli şəkildə çatdırılmasını təmin etmək üçün birləşən təşkilatlar marketinq kanalı adlanır və bəzən belə adlandırılır:,marketing,['Nəqliyyat vasitəsi.' 'Kuryer.' 'Nəqliyyat.' 'Paylama kanalı.'],3
Aşağıdakılardan hansıları təşkilatın xüsusiyyətlərinin seqmentasiya meyarları üzrə üç geniş qrupunu təşkil edir?,marketing,"['Təşkilatın ölçüsü, sənaye növü və cinsiyyət.'
 'Psixoqrafika, alıcı və davranış meyarları.'
 'Təşkilatın ölçüsü, sənaye növü və coğrafi yer.'
 'Yuxarıdakılardan heç biri.']",2
Aşağıdakılardan hansı daha sonra alış üçün paketa daxil edilən kuponun adıdır?,marketing,['müstəqil kupon' 'ani endirim kuponu' 'qayıdış kuponu' 'geri qaytarma kuponu'],2
"Reklam müdafiə vasitəsi kimi istifadə olunur, müştəriləri saxlamaq və brenddən istifadəni artırmaq məqsədilə həyata keçirilir. Reklam mövcud münasibətləri möhkəmləndirmək üçün istifadə olunur, mütləq olaraq onları kəskin şəkildə dəyişdirmək üçün deyil. Bu fikir aşağıdakılara əsaslanır:",marketing,['Güclü nəzəriyyə.' 'Zəif nəzəriyyə.' 'ATR çərçivəsi.' 'DRIP modeli.'],1
"_____________ şirkətin resurslarından optimal istifadəni təmin etmək, uyğunluğunu, risk səviyyəsini və gözlənilən maliyyə gəlirini qiymətləndirmək məqsədilə məhsulların, xidmətlərin, investisiyaların və digər aktivlərin qarışığının qiymətləndirilməsidir.",marketing,['SWOT təhlili.' 'Siyasi təhlil.' 'Portfel təhlili.' 'Rəqabət təhlili.'],2
"Bu mallar tez-tez alınan, bir dəfə istifadə olunan və satınalma riski aşağı olan ucuz məhsullardır:",marketing,['Davamsız.' 'Davamlı.' 'Ümumi.' 'Lüks.'],0
Aşağıdakı proseslərdən hansı istehlakçıların məhsullar və markalar haqqında necə düşündüklərini və öyrəndiklərini izah etməkdə əsas rol oynamır?,marketing,['Koqnitivlik.' 'Qavrayış.' 'Öyrənmə.' 'Şəxsiyyət.'],3
"________________, təşkilatın müxtəlif maraqlı tərəflər qrupu tərəfindən necə qəbul edildiyini təsir etmək üçün istifadə olunur.",marketing,['Birbaşa marketinq.' 'İctimaiyyətlə əlaqələr.' 'Satış təşviqi.' 'Reklam'],1
"Marketinq, bir tranzaksiya əsaslı səydən dialoqa (yəni, iki tərəfli dialoq) keçən və marketoloqlar ilə müştərilər (məsələn, maraqlı tərəflər) arasında adətən real vaxtda qarşılıqlı əlaqənin həyata keçirildiyi bir mexanizm və ya vəziyyət kimi təsvir edilə bilən bir proses olaraq bilinir:",marketing,['Rəqəmsal marketinq.' 'İnteraktiv marketinq.' 'Birbaşa marketinq.' 'Elektron marketinq.'],1
Bir firmanın məhsul və ya xidmətlərinin ekoloji məsuliyyəti təşviq etmək məqsədilə fərqləndirilməsi nəzərdə tutulur:,marketing,['Sosial brendinq.' 'Eko-brendinq.' 'Mən də brendinq.' 'Brend şəxsiyyəti.'],1
Aşağıdakılardan hansı bazarın bir innovasiyanı qəbul etmə sürətidir?,marketing,"['Diffuziya prosesi.' 'Diferensiasiya prosesi.' 'Qəbul prosesi.'
 'Qəbul həyat dövrü.']",0
"Mikromarketinq potensial alıcılara yönəldilir ki,",marketing,"['artıq sərəncamda olan gəlirləri var' '8-14 yaş arasında olanlar'
 'oxşar münasibətlər və davranışlarla bölüşürlər'
 'fərdi marketinqdən imtina ediblər']",2
"Bu, yayılma prosesində olan və yeniliklərin ön cərgəsində olmağı sevən, yeni məhsulları erkən mərhələdə əldə edən insanların bir qrupudur:",marketing,['Gecikmiş çoxluq.' 'Erkən mənimsəyən.' 'Erkən çoxluq.' 'Gecikənlər.'],1
Məhsulun birbaşa istehsalçıdan son istehlakçıya getdiyi kanal strukturu hansıdır?,marketing,['Birbaşa.' 'Dolayı.' 'Hibrid.' 'Yuxarıdakılardan heç biri.'],0
"Dəyərin birgə yaradılması, müştərilərin aktiv dialoqda iştirak edib fərdiləşdirilmiş təcrübələri birgə qurduğu proses olaraq adlandırılır:",marketing,['İnteraktiv marketinq.' 'Birgəyaratma təcrübəsi.' 'Münasibət marketinqi.' 'Təşkilat marketinqi.'],1
"Bu marketinq kommunikasiya vasitəsi ""müəyyən bir mənbədən gələn, birbaşa və ya dolayı yolla alıcını indiki və ya gələcəkdə müəyyən bir hərəkətə təşviq etmək məqsədi daşıyan ödənişli, vasitəçilik edilmiş kommunikasiya forması"" kimi xarakterizə olunur. Bu, belə adlandırılır:",marketing,['Reklam.' 'Şəxsi satış.' 'İctimaiyyətlə əlaqələr.' 'İctimaiyyətlə əlaqələr.'],0
"_____________ bizə ehtiyac və tələblərimizi qarşılamaq üçün, ya birbaşa, ya da dolayı yolla, biznes bazarları vasitəsilə geniş çeşiddə təkliflər təqdim edir.",marketing,['Yığcam marketinq sistemi.' 'Planlaşdırma mükəmməlliyi.' 'Keyfiyyət fərqi.' 'Dəyər xətti.'],0
"____________ məhsulun xarici xüsusiyyətlərini (rəngi, qablaşdırması, məhsulun konsistensiyası, assosiasiyalar) və bunların müştərilərin psixoloji və ya sosial ehtiyaclarını nə dərəcədə təmin etdiyini təsvir edir.",marketing,['Brendin yenidən yerləşdirilməsi.' 'Brendin genişləndirilməsi.' 'Brend kapitalı.' 'Brend imici.'],3
"AIDA şüur, ________, istək və _________ deməkdir.",marketing,"['Maraq; fəaliyyət.' 'Şiddət; cazibə.' 'İştirak; fəaliyyət.'
 'İştirak; cazibə.']",0
"Burada vasitəçilərə müəyyən edilmiş ""ərazi"" daxilində mal və ya xidməti bazara çıxarmaq üçün eksklüziv hüquqlar verilir və beləliklə, çox məhdud sayda vasitəçi istifadə olunur:",marketing,['Eksklüziv.' 'İntensiv.' 'Selektiv.' 'Birbaşa.'],0
"Agentlik müştəri ilə brifi müzakirə etdikdən sonra, problemi araşdırmaq niyyətində olduqları yolları ətraflı şəkildə təqdim edir. Bu sənəd ____________ adlanır:",marketing,['Tədqiqat xülasəsi.' 'Tədqiqat təklifi.' 'Tədqiqat sualı.' 'Tədqiqat proqramı.'],1
Təşkilatın ölçüsü və yeri kimi təşkilati xüsusiyyətlər bəzən ___________ olaraq adlandırılır.,marketing,['DMU.' 'Firmoqrafiya.' 'ACORN' 'Məhsul istifadəsi.'],1
Marketinq kommunikasiyalarının rolu auditoriyanı cəlb etməkdir və bununla yerinə yetirilə biləcək dörd əsas vəzifə var. Aşağıdakılardan hansı bu dörd əsas vəzifədən biri deyil?,marketing,['Fərqləndirin.' 'İştirak edin.' 'Möhkəmləndirin.' 'Məlumatlandırın.'],1
Satıcının tanımadığı potensial müştərilərə çoxsaylı istənilməyən satış zəngləri etməsi prosesi adlanır,marketing,['çoxsəviyyəli marketinq' 'soyuq satış' 'təsir mərkəzi metodu' 'satış üzrə mütəxəssis metodu'],1
Fərdlərin yeni təklifləri qəbul etməsi və istifadə etməsi prosesi belə adlandırılır:,marketing,['Qərar.' 'Qəbul.' 'Əldə etmə.' 'Fərqindəlik.'],1
"Rəqiblərin qiymət siyasəti demək olar ki, yalnız müştərilərdən çox rəqiblərə yönəldikdə aşağıdakılardan hansı baş verir?",marketing,['Qiymət fərqləndirilməsi.' 'Qiymət müəyyənləşdirilməsi.' 'Qiymət müharibələri.' 'Qiymət zəmanətləri.'],2
İstehlakçı bazarlarını bölmək üçün geniş istifadə olunan əsas:,marketing,['Təşkilatın ölçüsü.' 'Demoqrafik göstəricilər.' 'Məhsul növü.' 'Qiymət.'],1
"B2B kontekstlərində qiymətlər, şirkət və onun müştəriləri və ya sifarişçiləri arasında bağlanan xüsusi razılaşmalara əsasən müəyyən edilir (məsələn, memarlıq və ya struktur mühəndisliyi kimi peşəkar xidmətlər). Bu qiymətqoyma yanaşması belə adlanır:",marketing,['Razılaşdırılmış qiymət' 'Daxili qiymət.' 'Siyahı qiyməti.' 'Maya dəyəri ilə qiymət.'],0
Bir vaxtlar çoxmarkalı siyasət adlanan bu brendinq strategiyası təşkilat tərəfindən təklif olunan hər bir məhsulun digər məhsullardan müstəqil olaraq markalanmasını tələb edir. Bu belə adlanır:,marketing,['Fərdi markalaşma.' 'Korporativ markalar.' 'Ailə markalaşması.' 'Birgə markalaşma.'],0
"Bu, müsbət hisslər yaratmaq və davranışı stimullaşdırmaq məqsədilə şəxsiyyətlərarası ünsiyyətdən istifadədir.",marketing,['Birbaşa marketinq.' 'Şəxsi satış.' 'Satış təşviqatı.' 'Reklam.'],1
"Müştərilərlə deyil, həm də təşkilatların təchizatçılar, tənzimləyicilər, hökumət, rəqiblər, işçilər və digər tərəflərlə qurduğu geniş spektrli münasibətləri əhatə edən yanaşma adlanır:",marketing,['Bazar mübadilələri.' 'Xidmətin uğursuzluğu.' 'Münasibət marketinqi.' 'Paylaşılan məsuliyyət.'],2
"Marketinq terminlərində ___________, ödədiyimizə qarşılıq olaraq əldə etdiyimiz şeyə istinad edir:",marketing,['Gəlir.' 'Məxaric.' 'Dəyər.' 'Məhsul.'],2
"_______________, iştirak edən tərəflərə xas olan biliklərin inkişafı ilə məşğul olur və 'birgə öyrənmə' adlanır.",marketing,['Dialoq.' 'Şəxsi təsir.' 'Rəy.' 'Mesaj.'],0
Davranışda dəyişikliklər yaradan proses adlanır:,marketing,['Selektiv adaptasiya.' 'Öyrənmə.' 'Müdaxilə manipulyasiyası.' 'Münasibət tənzimlənməsi.'],1
Aşağıdakılardan hansı yeni və unikal məhsulu bazara çıxararkən ən uyğun qiymət strategiyası hesab olunur?,marketing,"['Qiymət soyulması' 'Promosyon qiymətləri' 'Psixoloji qiymətqoyma'
 'Penetrasiya qiymətqoyması']",0
Hansı növ mağaza istehlakçıların son anda alış-veriş tələblərini ödəyən müxtəlif ərzaq və məişət əşyalarını təklif edir?,marketing,"['Supermarketlər.' 'Rahatlıq mağazaları.' 'Kateqoriya-öldürücü mağazalar.'
 'Məhdud xətt pərakəndəçiləri.']",1
Satış sonrası istehlakçı təklifinin əldə edilməsi prosesinin yenidən qiymətləndirilməsi aşağıdakı dərəcənin ölçülməsinə cəhd göstərir:,marketing,"['Satıcı tərəfindən əldə edilən satış uğuru.'
 'Alıcının alışdan məmnunluğu.'
 'Şirkətin sonrakı fəaliyyətlərinin effektivliyi.'
 'Reklamın alışa təsiri.']",1
"Bir çox brendlər qəsdən insan xüsusiyyətləri ilə zənginləşdirilir, elə bir həddə ki, onlar xüsusi xarakterlərə malik olaraq qəbul edilir. Bu adlandırılır:",marketing,['Brend piramidası.' 'Brend dəyəri.' 'Brend adları.' 'Brend şəxsiyyətləri.'],3
Marketinq tədqiqatı:,marketing,"['Müəyyən marketinq strategiyası qərarlarını necə qəbul edəcəyini anlamaq üçün görülən işlər.'
 'Fərdlər və ya təşkilatların nümunə və ya siyahıyaalınma məlumatlarının toplanması və təhlili.'
 'İstehlakçı və sənaye sorğuları kimi bütün növ bazar, rəy və sosial araşdırmaları əhatə edir.'
 'Müvafiq sənayenin struktur xarakteristikalarını müəyyən etmək üçün görülən işlər.']",0
"____________, digər media vasitələri ilə müqayisədə mesajları hədəf auditoriyalara çatdırmaqda çox təsirlidir, çünki izahatı elə bir şəkildə təqdim etməyə imkan verir ki, bunu əksər digər media edə bilmir.",marketing,'Rəqəmsal.' 'Çap.' 'Yayım.' 'Açıq havada.',1
"Bu, satış qüvvəsini və ticarət işçilərini dəstəkləməklə bağlı marketinq kommunikasiyaları fəaliyyətidir:",marketing,['Mağaza marketinqi.' 'Sahə marketinqi.' 'Satış təşviqi.' 'Şəxsi satış.'],1
"Xidmətlər istehsal edildiyi anda istehlak olunur. Başqa sözlə, xidmətin çatdırılması xidmət göstərilməsindən və ya xidmətin istehlakından ayrıla və ya bölünə bilməz. Bu, xidmətlərin hansı xüsusiyyəti ilə əlaqələndirilir?",marketing,['Maddi olmaması.' 'Dəyişkənlik.' 'Ayrılmazlıq.' 'Fani olma.'],2
Bunlar məhsulun istehsal olunan vahidlərinin və ya satılan xidmətlərin sayına görə dəyişməyən xərclərdir:,marketing,['Sabit xərclər.' 'Köçürülən aktivlər.' 'İşlək kapital.' 'Sabit kapital.'],0
SWOT bir qısaltmadır:,marketing,"['Güclü tərəflər, zəif cəhətlər, imkanlar, təhdidlər.'
 'Strategiya, iş, açıqlıq, sərtlik.'
 'Strategiya, zəiflik, fikirlər, taktika.'
 'Strategiya, işləmək, fikir, taktiki.']",0
"Münasibətlərin formalaşmasının üç mərhələsi odur ki, biz nəsə öyrənirik, nəsə hiss edirik və münasibətlərimizə uyğun hərəkət edirik. Bizim nəsə öyrəndiyimiz mərhələ belə adlanır:",marketing,['Davranış.' 'Konativ.' 'Kognitiv.' 'Emosional.'],2
"Marketinq tədqiqatları müəyyən ölkə regionlarında idarə olunan eksperimentlər aparmaq üçün __________ istifadə edir, burada xüsusi reklamlar göstərilə bilər, yeni xüsusiyyətin (təklif, kampaniya, distribusiya və s.) tam milli və ya hətta beynəlxalq miqyasda təqdim olunmasından əvvəl.",marketing,['Test bazarları.' 'Məlumatların toplanması.' 'Analitik məlumat.' 'Ssenari lövhələri.'],0
"Müştəri ilə xidmət təminatçısı arasında az və ya heç bir şəxsi təmas olmadıqda, bu aşağıdakı kimi təsnif edilir:",marketing,['Aşağı təmaslı xidmət.' 'Orta təmaslı xidmət.' 'Yüksək təmaslı xidmət.' 'İntensiv təmaslı xidmət.'],0
Aşağıdakılardan hansı davranış dəyişəninin nümunəsi deyil?,marketing,['Məhsul istifadəsi.' 'Media istifadəsi.' 'Alış imkanı.' 'Şəxsiyyət.'],3
"__________ təşkilata təsir göstərə biləcək qüvvələr, hadisələr və əlaqələr haqqında məlumatların toplanması və təhlilidir.",marketing,['Ətraf mühitin skan edilməsi' 'Maraqlı tərəflərin təhlili' 'Bazarın nümunə götürülməsi' 'İmkanların təhlili'],0
"ACORN, seqmentasiya təhlili texnikası, aşağıdakılardan hansını ifadə edir?",marketing,"['Müvafiq rəsmi yaşayış qeydiyyatı.'
 'Məlumat verilmiş vətəndaşların təsnifatı.'
 'Yaşayış məhəllələrinin təsnifatı.'
 'Ölkə miqyasında rəsmi resursların naviqasiyası.']",2
Fərqli qrupların təsadüfi seçilmiş nümunələrinin ümumi nümunədə təmsil olunduğu ehtimal nümunəsinə deyilir:,marketing,['Təbəqələşmiş nümunə.' 'Rahat nümunə.' 'Kvota nümunəsi.' 'Klaster nümunəsi.'],0
"Aşağıdakı terminlərdən hansı bir şirkətin, məhsulun və ya xidmətin bir media vasitəsilə ödənişli şəkildə qeyd olunmasına aiddir?",marketing,"['Reklam', 'İctimai əlaqələr', 'Üçüncü tərəfin təsdiqi', 'Şişirtmə']",0
"Marketinq dövrü, 1950-1980-ci illər - daha inkişaf etmiş diqqət ___________ üzərində cəmlənməsi ilə xarakterizə olunur.",marketing,"['Cəmiyyət və etika.' 'Şəxsi satış.' 'Fiziki istehsal.' ""Müştərinin ehtiyacları.""]",3
Aşağıdakı ifadələrdən hansı doğrudur?,marketing,"['Marketinq yalnız bir şirkətin satış funksiyasına istinad etmək üçün istifadə olunan termindir.'
 'Marketinq menecerləri adətən istehsal və ya paylama qərarlarına qarışmırlar.'
 'Marketinq yalnız təşkilatın ehtiyaclarını nəzərə alan bir fəaliyyət növüdür; cəmiyyətin ümumi ehtiyaclarını deyil.'
 'Marketinq müştərilər, müştərilər, tərəfdaşlar və ümumilikdə cəmiyyət üçün dəyəri olan təklifləri yaratmaq, kommunikasiyaya başlamaq, çatdırmaq və mübadilə etmək üçün həyata keçirilən fəaliyyət, institutlar toplusu və proseslərdir.']",3
"Aşağıdakılardan hansı yeni məhsulun inkişafı prosesində bir mərhələdir, yeni məhsulun milli bazara çıxarılmadan əvvəl müştərilərin reaksiyalarını qiymətləndirmək məqsədilə müştəri nümunəsi ilə sınaqdan keçirildiyi və ya müəyyən bir coğrafi ərazidə satışa çıxarıldığı?",marketing,"['Test marketinq.' 'Fokuslanmış marketinq.' 'Canlı marketinq.'
 'Ümumi marketinq.']",0
Marketinq termini aiddir:,marketing,"['yeni məhsul konsepsiyaları və təkmilləşdirmələr.'
 'reklam və təşviqat fəaliyyətləri.'
 'müştəri dəyəri və məmnuniyyətini vurğulayan bir fəlsəfə.'
 'satış kampaniyalarının planlaşdırılması.']",2
____________ təşkilatların mobil cihazlar və ya şəbəkələr vasitəsilə auditoriyaları ilə interaktiv şəkildə ünsiyyət qurmasına və qarşılıqlı əlaqə yaratmasına imkan verən təcrübələr toplusudur.,marketing,['Mobil marketinq' 'Sosial veb marketinq.' 'İnternet marketinq' 'Sosial media marketinq'],0
"Britaniya Hökumətinə görə, aşağıdakılardan hansı marketinq funksiyası deyil?",marketing,"['Marketinq kəşfiyyatını təşviq et.' 'Satış taktikalarını inkişaf etdir.'
 'Müştəri təklifini inkişaf etdir.'
 'Digər biznes funksiyaları və üçüncü tərəflərlə işləyin.']",1
Ödənilmiş və ya mülkiyyətində olan media vasitəsilə çatdırılan və bir şirkət və ya brendi əks etdirən əyləncə materialının istifadəsi belə adlanır:,marketing,['Sponsorluq.' 'Sərgilər.' 'Brendli məzmun.' 'Reklam.'],2
"İkinci əl məlumatlar, başqasının məqsədləri üçün toplanmış olan məlumatlar kimi tanınır:____________",marketing,['Birincili tədqiqat.' 'Təsviri tədqiqat.' 'Səbəb-nəticə tədqiqatı.' 'İkincili tədqiqat.'],3
Aşağıdakılardan hansı istənməyən elektron mesajlara aiddir?,marketing,['Opt-in e-poçt.' 'Razılıq marketinqi.' 'Spam.' 'Opt-out e-poçt.'],2
İkinci mərhələdə bazar seqmentasiyası prosesində müəyyən edilmiş fərqli bazar seqmentlərinin cəlbediciliyini qiymətləndirməyin məqsədi aşağıdakılardır:,marketing,"['Hər seqmentin spesifik üzvlərini müəyyən edin ki, onlarla birbaşa əlaqə saxlaya biləsiniz.'
 'Hər seqmentə ayrılmalı olan resursların səviyyəsini təyin edin.'
 'Hər seqmentin daxilindəki bazar potensialını qiymətləndirin.'
 'Şirkətin imicini gücləndirmək üçün marketinq strategiyası və taktikasını hazırlayın.']",2
"Pərakəndə mağaza istehlak məhsulunun reklam xərclərini məhsulun milli distribyutoru ilə bölüşməyə razılaşdıqda, aşağıdakı reklam növlərindən hansı istifadə olunur?",marketing,['Ticarət reklamı' 'Sənaye reklamı' 'Milli reklam' 'Kooperativ reklam'],3
"Bu qiymətqoyma yanaşması, şirkətin müştərilərin ödəməyə hazır olduğu məbləğə uyğun olaraq qiymətləri müəyyən etdiyi zaman istifadə olunur:",marketing,['Məhsulun maya dəyərinə əsaslanan yanaşma.' 'Dəyərə əsaslanan yanaşma.' 'Rəqabətə əsaslanan yanaşma.' 'Tələbat yönümlü yanaşma.'],3
"Bu mallar nadir hallarda alınır, təkrar-təkrar istifadə olunur və istehlakçı üçün kifayət qədər yüksək risk daşıyır:",marketing,['İmpuls malları.' 'Lüks mallar.' 'Qeyri-davamlı mallar.' 'Davamlı mallar.'],3
"_____________ 'indiyədək mübahisəsiz qəbul edilən marketinq sahələrinin problematikləşdirilməsinə, beləliklə də, bu sahələrdəki institusional və nəzəri çatışmazlıqları üzə çıxarmağa kömək edir' (Saren, 2011:95).",marketing,['İstehsal marketinqi' 'Davamlı marketinq' 'Münasibət marketinqi' 'Kritik marketinq analizi'],3
"Xidmətlərin mühüm xüsusiyyətlərindən biri odur ki, onlar insanlar tərəfindən istehsal olunur və eyni zamanda, vahid hadisə kimi istehlak olunur. Bu unikal prosesin nəticələrindən biri də odur ki, xidmətlərin çatdırılmasını plan modeli əsasında standartlaşdırmaq son dərəcə çətindir. Bu, xidmətin hansı xüsusiyyəti kimi tanınır?",marketing,['Qeyri-maddi.' 'Ayrılmazlıq.' 'Dəyişkənlik.' 'Keçicilik.'],2
"Hansı tip pərakəndə satıcı nisbətən aşağı qiymətləri əsas satış nöqtəsi kimi təqdim edir və bununla yanaşı, iş görmə xərclərinin azaldılmasını nəzərdə tutur?",marketing,"[""Endirimli mağazalar."" ""Rahatlıq mağazaları."" ""Kateqoriya öldürücü mağazalar."" ""Məhdud çeşidli mağazalar.""]",0
Marketinq fəlsəfəsi 'marketinqdə sosial və etik məsələlərə daha güclü diqqət' ifadəsi ilə xülasə olunan _________ dövrünə xasdır.,marketing,['İstehsal.' 'Satış.' 'Marketinq.' 'cəmiyyətə yönəlmiş marketinq.'],3
"Sosial medianın inkişafı fərdlərə təşkilatlarla, icmalarla, dostlarla və ailə ilə ünsiyyət qurmaq imkanı vermişdir. Mesajın məzmunu brendlər, təcrübələr və ya hadisələr haqqında ola bilər və fərdlər tərəfindən hazırlanır və paylaşılır. Bu, belə adlanır:",marketing,['Yayım.' 'İstifadəçi tərəfindən yaradılmış məzmun.' 'Viral marketinq.' 'Telemarketinq.'],1
"Svan və Vesterlund (2009) satınalma davranışına yanaşmalardakı fərqliliyi vurğulamaq üçün təşkilatlar tərəfindən istifadə edilən altı əsas satınalma strategiyasını müəyyən edirlər. __________ strateji, əsas satınalma məqsədinin təklif üçün ən aşağı qiyməti axtarmaq olduğu alıcının səmərəlilik yönümünü nəzərdə tutur. Bunu əldə etmək üçün alıcı bir neçə potensial təchizatçı arasında rəqabəti aktiv şəkildə təşviq edir.",marketing,"[""'Alverçi' alış-verişi."" "" 'Adaptator' alış-verişi."" ""Qiymət minimallaşdırıcı' alış-verişi."" "" 'Proyektor' alış-verişi.""]",2
Beynəlxalq bazar araşdırmaları apararkən üç növ ekvivalentlik mövcuddur. Aşağıdakılardan hansı bu ekvivalentliklərdən biri deyildir?,marketing,[‘Konseptual ekvivalentlik.’ ‘Bazar ekvivalentliyi.’ ‘Funksional ekvivalentlik.’ ‘Tərcümə ekvivalentliyi.’],1
Aşağıdakılardan hansı sahibinə qanunla bir markadan istifadə etmək üçün müstəsna hüquqlar verir?,marketing,['Markaya sədaqət' 'Brend nişanı' 'Ticarət adı' 'Ticarət nişanı'],3
Aşağıdakılardan hansı təşkilati xüsusiyyətlərin seqmentləşdirilməsi üçün faydalı baza deyil?,marketing,['Dövriyyə üzrə.' 'Coğrafi yerə görə.' 'Təşkilatın ölçüsünə görə.' 'Sənaye növünə görə.'],0
"________ internet texnologiyalarından (məsələn, veb, elektron poçt, intranet, ekstranet və s.) istifadə etməklə həyata keçirilən və ya asanlaşdırılan marketinq prosesidir.",marketing,['İnternet marketinqi.' 'Axtarış marketinqi.' 'E-marketinq.' 'Mobil marketinq.'],0
Özlərini məhsul keyfiyyəti sahəsində bazar lideri kimi görən firmalar tez-tez,marketing,['bazar payı strategiyası' 'penetrasiya qiymət strategiyası' 'qiymətdən asılı olmayan üstünlüklərə yönələn strategiya' 'ümumi bazarın genişlənməsi strategiyası'],2
"Riskin qavrayışı, əgər ona davamlı olaraq xatırladılırsa, yalnız satınalma zamanı nəzərə alındığından daha yüksək olur. Bu, belə adlandırılır:",marketing,['Satınalma konteksti.' 'Qiymət əlaqəsi.' 'Tək ədəd qiymətləndirməsi.' 'Əlavə qiymət.'],0
"Reklam verənlər tərəfindən onlayn şirkətlərə ödənilən haqlar, keyfiyyətli potensial müştərilərə yönləndirmələr və ya istehlakçıların marketoloq tərəfindən əlaqə yaradılmasına razılıq verdikləri istehlakçı məlumatlarını təmin etməklə bağlıdır. Bu, belə adlanır:",marketing,['Liderlərin əldə edilməsi.' 'Axtarış.' 'Zəngin media.' 'Sosial media marketinqi.'],0
Promosiya qarışığının hansı elementi mənfi hekayələri və hadisələri idarə edir və yaxşı korporativ imicə dəstək verir?,marketing,['Şəxsi satış' 'Satışın təşviqi' 'Birbaşa marketinq' 'İctimaiyyətlə əlaqələr'],3
"Bu, məlumatları toplamaq, indeksləmək, saxlamaq və vebdə (məsələn, veb səhifələr, şəkillər, məlumatlar və digər fayl növləri) geri çağırmaq üçün alqoritmik və ya alqoritmik və insan girişinin qarışığı ilə işləyir. Bu, istifadəçilərə axtarış sorğusuna cavab olaraq məlumatları idarə olunan və mənalı bir şəkildə əlçatan edir. Bu, belə adlandırılır:",marketing,['Banner reklamlar.' 'Pop-up reklamlar.' 'Axtarış sistemi.' 'Tətbiqlər.'],2
Marketinq və marketinq fəaliyyətlərinin bir təşkilat daxilindəki roluna güclü təsir göstərən dörd rəqabət aparan fəlsəfə mövcuddur. Aşağıdakıların hansısı bazar yönümlülüyünün komponenti deyil?,marketing,['Müştəri yönümlülük.' 'Mənfəət yönümlülük.' 'İnterfunksional koordinasiya.' 'Rəqib yönümlülük.'],1
Təşkilatın Strateji Biznes Vahidlərini (SBV) qiymətləndirmək üçün Boston Konsaltinq Qrupu bəzi SBV-ləri xarakterizə edən portfel performansı çərçivəsi hazırlamışdır:,marketing,['Sual işarələri.' 'Tez qaliblər.' 'Yüklənən buğalar.' 'Nağd çıxışlar.'],0
"Tütün reklamları indi dünyanın bir çox ölkəsində demək olar ki, bütün marketinq kommunikasiya formalarında qadağan edilib. Bu, aşağıdakı təsirin nəticəsi kimi izah edilə bilər:",marketing,['Texnoloji mühit.' 'Hüquqi mühit.' 'İqtisadi mühit.' 'Ekoloji mühit.'],1
Pine və Gilmore (1999) iki ölçüyə əsaslanaraq dörd fərqli təcrübə sahəsi müəyyən edirlər. Bu ölçülər hansılardır?,marketing,['Müştəri iştirakçılığı və ətraf mühit əlaqəsi.' 'Müştəri cəlbi və ətraf mühit əlaqəsi.' 'Müştəri iştirakçılığı və müştəri əlaqəsi.' 'Müştəri saxlanması və müştəri əlaqəsi.'],0
"Reklam modelinə, reklam verənlərin hədəf bazarlarına uyğun açar sözlər və ya ifadələr üçün təklif verdikləri və sponsorluq olunan/ödənişli axtarış mühərriki siyahıları vasitəsilə vebsayta trafik gətirdikləri model deyilir:",marketing,['Axtarış motorlarının optimizasiyası (SEO).' 'Kontekstual reklam.' 'Rəqəmsal aktivlərin optimizasiyası (DAO).' 'Klik başına ödəniş (PPC).'],3
"Bunlar, məhsulların istehsalçılardan və istehsal müəssisələrindən son istifadəçilərə çatdırılması ilə əlaqədar proseslərin və fəaliyyətlərin idarə olunması ilə məşğul olan təşkilatlar zənciridir. Hər hansı bir yolculuqda iştirak edən təşkilatlar birlikdə belə adlanır:",marketing,['Paylama.' 'Satıcı.' 'Kommunikasiya.' 'Satış.'],0
_______________ brendlərin seçiminin müxtəlif atributlarını təsvir etmək üçün mövqe müəyyənləşdirmə prosesində istifadə olunur.,marketing,['Məhsul xüsusiyyətləri.' 'SIC kodu.' 'Qavrayış xəritələri.' 'Təşkilati xüsusiyyətlər.'],2
"Avqustun 4-də bir mağaza 7,000 dollar məbləğində beş divan alıb, şərtlər 2/10, n/30. Faktura avqustun 13-də ödənilib. Mağaza ödəyib",marketing,"['$7,140 ' '$7,000 ' '$6,860 ' '$6,300 ']",2
Aşağıdakılardan hansıları müştərilərə aldıqları şirkətin qiymət baxımından rəqabətqabiliyyətli olduğunu bilməklə rahatlıq təmin etməyə yönəldilib?,marketing,['Qiymət rəqabətliliyi.' 'Qiymət zəmanəti.' 'İstinad qiymətləri.' 'Qiymət zəmanəti sxemləri.'],3
"Leone və Shultz-a (1980) görə, qanun kimi ümumiləşdirmə 1 izah edir ki, ___________ ümumi sənaye (bazar) satışlarına birbaşa və müsbət təsir göstərir.",marketing,['Artan istehlakçı tələbi.' 'Reklam.' 'Urbanizasiyanın artması.' 'Elastiklik.'],1
"Bu, ünsiyyət prosesinin bir hissəsidir ki, burada qəbuledicilər mesajın müxtəlif komponentlərini açır, məna verməyə başlayır və mesaja mənalar yükləyirlər:",marketing,['Kodlaşdırma.' 'Dekodlaşdırma.' 'Transfer.' 'Səs-küy.'],1
Seqmentləşdirilmiş bazarın bir nümunəsi belə olardı:,marketing,"[""Phillips məhsulunu 'Hiss və Həssaslıq' konsepsiyasına əsaslanan bir marketinq qarışığı ilə Avropa İttifaqının bütün sakinlərinə təqdim edir.""
 'Marks və Spencer (M&S) mağazasında yüksək gəlirli və aşağı gəlirli istehlakçılara eyni şəkildə yanaşılır.'
 'Bir bağçılıq uşaq bağçası şəhər və kənd ərazilərində yaşayan sakinləri ağaclara ehtiyacı olan bir bazar kimi qəbul edir.'
 'Honda potensial müştərilərini iqtisadiyyat avtomobili alıcıları və lüks avtomobil alıcıları olaraq ayırır.']",3
Psixoqrafik seqmentasiya aşağıdakılara əsaslanır:,marketing,"['İstehlakçı demoqrafik analizinin kəmiyyət tərəfi.'
 'İstehlakçı coğrafi analizinin kəmiyyət tərəfi.'
 'Fərdlərin yaşayış yerləri və həyat dövrü üstünlükləri.'
 'İnsanları onların psixoloji xüsusiyyətləri, dəyərləri və həyat tərzlərinə görə qruplaşdırmaq.']",3
"Bir çərçivə müxtəlif xidmətləri təsnif edir və bu, öz növbəsində bazar təkliflərinin hansı dərəcədə qiymətləndirilə biləcəyinə təsir göstərir və üç əsas xüsusiyyət müəyyən edilir:",marketing,"['Axtarma, eksperiment, və etibar xüsusiyyətləri.'
 'Axtarma, təcrübə, və etibar xüsusiyyətləri.'
 'Satış, etimad, və etibar xüsusiyyətləri.'
 'Axtarma, inanc, və güvən xüsusiyyətləri.']",1
"____________ məhsulu paylayır. Onlar inventarın satışı, kredit və satış sonrası xidmətlərlə əlaqəli xidmətlər vasitəsilə dəyər təklif edirlər.",marketing,['Distribyutorlar.' 'Agentlər.' 'Tacirlər.' 'Françayzlar.'],0
"Bu, həyat formalarının izlədiyi bioloji yola bənzər, ardıcıl, əvvəlcədən müəyyən edilmiş inkişaf nümunəsi vasitəsilə təqdimatların hərəkət etdiyi prosesdir:",marketing,['Difuziya prosesi.' 'Məhsulun həyat dövrü.' 'Qəbul prosesi.' 'Xidmətin inkişafı.'],1
"Qiymətin 10% artması (azalması) tələb olunan miqdarın 10% azalmasına (artmasına) səbəb olur. Bu, belə adlanır:",marketing,['Tələbin qiymət elastikliyinin sıfır olması.' 'Tələbin qiymət elastikliyinin sonsuz olması.' 'Tələbin qiymət elastikliyinin vahid olması.' 'Tələbin qiymət elastikliyinin qeyri-müəyyən olması.'],2
"Hansı tədqiqat metodları çoxsaylı respondentlərdən əvvəlcədən müəyyən edilmiş, standartlaşdırılmış suallara cavablar almaq üçün nəzərdə tutulub?",marketing,['Kvantitativ.' 'Keyfiyyət.' 'Qeyri-probabilistik.' 'Probabilistik.'],0
"_________ mərhələsində istehlakçılar yeni təklif haqqında məlumatlanırlar. Onlar az məlumat sahibidirlər və hələ məhsula qarşı xüsusi münasibət formalaşdırmayıblar. Həqiqətən də, bu mərhələdə istehlakçılar əlavə məlumat əldə etmək marağında deyillər.",marketing,['İnandırma' 'Təsdiq' 'Bilik' 'Tətbiq'],2
Aşağıdakılardan hansı nisbətən nadir hallarda alınan və istehlakçıların alışdan əvvəl biliklərini yeniləmələrini tələb edən istehlak məhsulu növüdür?,marketing,['Lüks məhsul.' 'Alış-veriş məhsulu.' 'Ümumi məhsullar.' 'Brend məhsullar.'],1
"Bu, kanal üzvünün məqsədinə nail olmasının başqası tərəfindən əngəlləndiyini qəbul etdiyi və bunun nəticəsində stress və ya gərginlik yarandığı vəziyyətdir:",marketing,['Kanal kommunikasiyası.' 'Kanal münaqişəsi.' 'Kanal əlaqələri.' 'Müştəri münaqişəsi.'],1
"Bunlar, satıcı qruplarının kollektiv olaraq alıcıları cəlb etmək əsas məqsədi ilə bir araya gəldiyi tədbirlərdir:",marketing,['Sərgilər.' 'Satış təşviqatları.' 'Kütləvi informasiya vasitələri ilə reklam.' 'Mətbuat konfransı.'],0
"Bu hədəflər, adətən, əsas rəqibin hakim olduğu və maliyyə resurslarının məhdud olduğu bazarda fəaliyyət göstərən firmalar üçün ən uyğun hesab olunur.",marketing,"['Divest məqsədləri.' 'Məhsul yığımı məqsədləri.' 'Saxlama məqsədləri.'
 'Niş məqsədləri']",3
Ümumiyyətlə böyük bir insan qrupuna bir və ya bir neçə tapşırığın yerinə yetirilməsi üçün verilməsi prosesi belə adlanır:,marketing,['Sosial media marketinqi.' 'İnternet reklamçılığı.' 'Kütləvi resurslardan istifadə.' 'E-marketinq.'],2
Aşağıdakılardan hansı tədqiqat dizaynı kateqoriyalarına aid deyil?,marketing,['Kəşfiyyat tədqiqatı.' 'Təsviri tədqiqat.' 'Səbəb-nəticə tədqiqatı.' 'Masaüstü tədqiqat.'],3
Bu marketinq və kommunikasiya aləti müştəriləri məhsul/xidmət almağa təşviq etmək üçün birbaşa təşviq və ya stimuldur:,marketing,['Reklam.' 'İctimaiyyətlə əlaqələr.' 'Satışın təşviqi.' 'Birbaşa marketinq.'],2
"Bu məqsədlər tez-tez yetkin bazarlarda, firmalar/məhsullar azalmaq mərhələsinə daxil olduqda tətbiq olunur. Məqsəd qısamüddətli mənfəəti maksimuma çatdırmaq və müsbət pul axınını stimullaşdırmaqdır.",marketing,['Satış məqsədləri.' 'Saxlama məqsədləri.' 'İnkişaf məqsədləri.' 'Məhsul yığımı məqsədləri.'],3
"Aşağıdakılardan hansı məhsul və ya xidmətlər haqqında olan, alıcının kommunikatoru qərəzsiz hesab etdiyi və məhsul və ya xidmətləri satmağa çalışmadığı interpersonal ünsiyyətdir?",marketing,"['Ağızdan-ağıza (WOM).' 'Şəxsi Satış (PS).' 'Birbaşa Marketinq (DM).'
 'Müştəri Xidməti (CS).']",0
McDonald's və KFC yaxşı nümunələrdir:,marketing,['Distribütorlar.' 'Françayzinq.' 'Tacir.' 'Pərakəndə satıcılar.'],1
Məhsulun müştərilərin tələblərinə uyğun olaraq çatdırılma üsulu aiddir:,marketing,['Yeni məhsul konsepsiyaları və təkmilləşdirmələr.' 'Satış.' 'Reklam və tanıtım fəaliyyətləri.' 'Yerləşdirmə və paylama fəaliyyətləri.'],3
Aşağıdakılardan hansı məhsulların hedonik istehlakının araşdırılmasıdır?,marketing,['Sosial qarşılıqlı əlaqə perspektivi.' 'Funksional istifadə perspektivi.' 'Təcrübəvi istehlak.' 'Brend idarəetmə perspektivi.'],2
"Bunlar rəqabəti məhv etmək üçün nəzərdə tutulmuş mağazalardır və dar, lakin çox dərin məhsul çeşidi, aşağı qiymətlər və azdan orta səviyyəyə qədər müştəri xidmətləri ilə xarakterizə olunur:",marketing,['Xüsusi mağazalar.' 'Məhdud xəttli pərakəndə satıcılar.' 'Kateqoriya-məhvedici mağazalar.' 'Supermarketlər.'],2
"Aşağıdakılardan hansı müxtəlif media kanalları vasitəsilə müəyyən növ insanlara məlumatın ötürülməsini təsvir edən, həmin məlumatı və rəhbərliyi almaq üçün digər auditoriya üzvlərinin müraciət etdiyi kommunikasiya modelidir?",marketing,['İki-addım.' 'Üç-addım.' 'Çox-addım.' 'Bir-addım.'],0
"Bir reklamda rahat oturacaqları və çoxlu boş yer olan bir qatarın daxili göstərildiyi halda, müştəri qatara minəndə yer çatışmazlığı və sərt oturacaqlar aşkar edirsə. Bu, aşağıdakı nümunəyə aiddir:",marketing,"['GAP 4-xidmətin göstərilməsi və xarici kommunikasiyalar arasındakı boşluq.'
 'GAP 2-idarəetmə qavrayışı və xidmət keyfiyyəti spesifikasiyası arasındakı boşluq.'
 ""GAP 1-müştərinin gözləntiləri və idarəetmə qavrayışı arasındakı boşluq.""
 'GAP 3-xidmət keyfiyyəti spesifikasiyaları və xidmət göstərilməsi arasındakı boşluq.']",0
"Xarici mühiti anlamaq üçün, məşhur PESTLE qısaltmasından istifadə olunur. PESTLE _____________ mənasını daşıyır.",marketing,"['Siyasi, iqtisadi, əvəzləyici, texnoloji, hüquqi və ekoloji mühitlər.'
 'Siyasi, iqtisadi, sosial, texnoloji, hüquqi və ekoloji mühitlər.'
 'Siyasi, iqtisadi, sosial, təhdid, hüquqi və ekoloji mühitlər.'
 'Satınalma, iqtisadi, sosial, texnoloji, hüquqi və ekoloji mühitlər.']",1
"Effektiv olmaq üçün, bazarın seqmentasiyası prosesi aşağıdakı əsas tələblərdən hansına cavab verməlidir?",marketing,"['Firma mənfəətlilik və həcm kimi qeyri-dəyişənlərə diqqət yetirməkdən çəkinməlidir.'
 'Bazar seqmenti ölçülə bilən satınalma gücünə və ölçüsünə malik olmalıdır.'
 'Şirkət artan bazarları ələ keçirmək üçün marketinq imkanlarını genişləndirməlidir.'
 ""Bazar seqmenti əhalinin dəyişən münasibətlərini və həyat tərzlərini əks etdirməlidir.""]",1
"Bülletenlər, kataloqlar və təşkilat tərəfindən maliyyələşdirilən tədbirlərə dəvətlər ən çox marketinq kompleksinin fəaliyyətinə bağlıdır:",marketing,['Qiymətləndirmə.' 'Paylama.' 'Məhsulun inkişafı.' 'Təşviqat.'],3
Marketoloqlar adətən marketinq tədqiqatını daxildə aparmaq və ya xarici bir təşkilat vasitəsilə həyata keçirmək qərarını müəyyən meyarlara əsasən verirlər. Aşağıdakı meyarlardan hansı istifadə olunmur?,marketing,"['Tədqiqatın dəyər vəd edib-etməməsi.' ""Agentliyin nüfuzu."" 'Tədqiqat dizaynının idarəetmə probleminə dair anlayışlar təmin edəcəyinə ehtimal.' 'Agentliyin ölçüsü.']",3
Aşağıdakı elementlərdən hansısı Porterin Sənaye Rəqabətinin Beş Qüvvəsi modelinin bir hissəsi deyil?,marketing,['Əvəzləyicilərin təhdidi.' 'Təchizatçıların təhdidi.' 'Alıcıların gücü.' 'Hökumətdən təhdid.'],3
Bunlar birbaşa son istehlakçılara satır və istehsalçılardan birbaşa ala bilər və/və ya topdansatışçılarla işləyə bilərlər:,marketing,['Distribyutorlar.' 'Françayzinq.' 'Tacir.' 'Pərakəndə satıcılar.'],3
Bazarın seqmentasiyası prosesinə başlamazdan əvvəl bir şirkət aşağıdakıları etməlidir:,marketing,['Bazarların seqmentləşdirilməsi üçün əsasları müəyyənləşdirin.' 'Ümumi bazar potensialını proqnozlaşdırın.' 'Bazar payını proqnozlaşdırın.' 'Hədəf bazar seqmentlərini seçin.'],0
Komanda əsaslı satışıın əsas məqsədi,marketing,"['şirkətin müxtəlif funksional sahələrini müştəri ehtiyaclarına uyğunlaşdırmaq'
 'hesabın idarə olunmasında yer alan işi bölüşdürmək'
 'satış bonus fondunu ədalətli şəkildə idarə etmək'
 'müştəri ilə şirkət arasında çoxsaylı əlaqə nöqtələri yaratmaq']",0
"Bu səviyyədə brendinq, müştərinin bir satıcının malını və ya xidmətini digər satıcılarınkından fərqləndirə bilən bir ad, termin və ya digər xüsusiyyətlə əlaqələndirdiyi zaman görünə bilər. Bu brendinq belə adlanır:",marketing,['Korporativ brend.' 'Ailə brendləşməsi.' 'Müştəri brendləşməsi.' 'Beynəlxalq brend.'],2
"Bu, istifadəçiyə göstərilən məzmun əsasında avtomatlaşdırılmış sistemlər tərəfindən seçilib təqdim edilən reklamlarla veb-saytlarda hədəfli reklamın bir formasıdır.",marketing,['Kontekstual reklam.' 'İnteraktiv marketinq.' 'İnternet reklamı.' 'Birbaşa marketinq.'],0
İlkin məlumatlar bunlardır:,marketing,"['İlk dəfə xüsusi olaraq marketinq tədqiqatı üçün toplanmış məlumatlar.'
'İkincil məlumatlardan daha sürətli əldə olunur və daha ucuz başa gəlir.'
'Hökumət araşdırmalarının yenicə dərc olunmuş nəticələri.'
'Resursların düzgün bölüşdürülməsini təmin etmək üçün strateji planlaşdırma fəaliyyətinin bir hissəsi.']",0
Satıcılar bir vəziyyəti müştərinin baxış bucağından görərkən nümayiş etdirirlər,marketing,['əməkdaşlıq' 'empatiya' 'məsuliyyət' 'dözüm'],1
"Bu, göndərənin ötürüləcək mesajı təmsil etmək üçün uyğun sözlər, şəkillər, simvollar və musiqi birləşməsini seçdiyi ünsiyyət prosesinin bir hissəsidir:",marketing,['Koding.' 'Dekoding.' 'Transfer.' 'Əlaqə.'],0
"Toyota-nın Prius və Honda-nın hibrid Civic modelləri texnoloji məhsullara nümunədirlər ki, bunlar ilhamlanmışdır:",marketing,"['Yapon avtomobil sənayesində üslub məsələləri.'
 'Daha az təhlükəli emissiyalara malik, yanacağa qənaətcil nəqliyyat vasitələrinin inkişaf etdirilməsi üçün sosial təzyiq.'
 'Bir çox mühəndisin sadəcə maraqlı məhsullar yaratmaq istəyi.'
 ""Yaponların böyük, yüksək sürətli avtomobillərə ehtiyac duymadıqlarının dərk edilməsi.""]",1
Bu yanaşma xüsusi məlumatları çatdırmaq və televiziya və radio proqramları vasitəsilə geniş hədəf auditoriyasını maarifləndirmək üçün istifadə olunmuşdur. Bu yanaşmaya belə deyilir:,marketing,['Rəy izləyiciləri.' 'Rəy formalaşdıranlar.' 'İctimaiyyətlə əlaqələr.' 'Rəy liderləri.'],3
"Bir şəxs bir hadisəni və ya mühiti passiv şəkildə qiymətləndirir, lakin mühitin təbiətini təsir etmədən və ya dəyişdirmədən ayrılırsa, buna deyilir:",marketing,['Əyləncə sahəsi.' 'Təhsil sahəsi.' 'Estetik sahə.' 'Qaçış sahəsi'],2
Aşağıdakılardan hansı müştərinin birbaşa xidmətlə əlaqədə olduğu bir dövr kimi daha yaxşı başa düşülür?,marketing,['Yaxşı istifadə.' 'Xidmət mühiti.' 'Xidmət qarışığı.' 'Xidmət qarşılaşmaları.'],3
"Vasitəçilər uzaqda istehsal olunmuş məhsulu satınalma və istehlak üçün daha əlverişli bir yerə gətirərək son istifadəçilərə kömək edir. Bu, belə adlanır:",marketing,"['Zaman faydası.' 'Məkan faydası.' 'Mülkiyyət faydası.'
 'Məlumat faydası.']",1
Qiymətlərin rəqiblərin tətbiq etdiyi tariflər əsasında müəyyən edildiyi qiymətqoyma yanaşması adlanır:,marketing,['Maliyət yönümlü yanaşma.' 'Tələb yönümlü yanaşma.' 'Rəqib yönümlü yanaşma.' 'Dəyər yönümlü yanaşma.'],2
Aşağıdakı test növlərindən hansı əsasən bir şəxsin yeni bacarıqları öyrənməkdə nə dərəcədə uğurlu olacağını proqnozlaşdırmağa kömək etmək üçün tərtib olunub?,marketing,['Nailiyyət' 'Bacarıq' 'Maraq' 'Şəxsiyyət'],1
"____________, axtarış sistemi şirkətinin vebsaytların axtarış indeksinə daxil edilməsinə görə ödənişlər tələb etdiyi zaman baş verir.",marketing,['Kontekstual axtarış.' 'Saytın optimizasiyası.' 'Ödənilmiş daxilolma.' 'Ödənilmiş siyahı'],2
"Məhz burada istehsal, satınalma və istehlak müxtəlif zamanlarda baş verə bilər.",marketing,['Vaxt faydası.' 'Sahiblik faydası.' 'Əlçatanlıq.' 'Məlumat faydası.'],0
"Maslouun Ehtiyaclar İyerarxiyası nəzəriyyəsinə görə, öz potensialını reallaşdırmaq, öz qabiliyyət və bacarıqlarını tam istifadə etmək və özünü tam dərk etmək ehtiyacı __________ ehtiyaclarına nümunədir.",marketing,['Özünü gerçəkləşdirmə.' 'Fizioloji.' 'Sosial.' 'Hörmət.'],0
Aşağıdakılardan hansı istehlakçı təkliflərinin əldə edilməsi prosesinin bir hissəsi deyil?,marketing,['Motivin inkişafı.' 'Məlumatların toplanması.' 'Təklifin qiymətləndirilməsi.' 'Qavrayış.'],3
"İstehlakçıların həyat dövrlərini təhlil edərkən, marketoloqlar istehlakçıları həyatlarının müxtəlif mərhələlərində nəzərdən keçirirlər. Bu konsepsiyaların əsaslandığı bir çox modellər 1960-cı illərdə inkişaf etdirilmişdir. O vaxtdan bəri 'istehlakçı həyat dövrləri'ndə çox şey dəyişmişdir. Marketoloqlar hansı yeni yaranan meylləri nəzərə almalıdırlar?",marketing,['Daha az insan evlənir.' 'İnsanlar daha gec yaşda evlənir.' 'Daha çox cütlük birlikdə yaşayır.' 'Yuxarıda göstərilənlərin hamısı.'],3
Müştərilərin dəyər təqdim etdiyinə inandıqları qiymətlər əsasında müəyyən edilən qiymətqoyma yanaşması adlanır:,marketing,['Məhsrəf yönümlü yanaşma.' 'Tələbat yönümlü yanaşma.' 'Rəqib yönümlü yanaşma.' 'Dəyər yönümlü yanaşma.'],3
"İnternet informasiya vasitəçisinin inkişafına səbəb olmuşdur. Burada əsas rol, paylama kanalının səmərəliliyini və təsirliliyini artırmaq üçün məlumatları idarə etməkdir. Bu belə adlanır:",marketing,['Zaman faydası.' 'Məlumat faydası.' 'Mülkiyyət faydası.' 'Məkan faydası.'],1
Aşağıdakılardan hansı ticarət endiriminin ən yaxşı nümunəsidir?,marketing,"['Bir taxta anbarı ev sahibinə taxta aldığı üçün endirim təklif edir.'
 'Bir pərakəndə satıcı mövsümdənkənar malları aldığı üçün istehlakçıya endirim təklif edir.'
 'Bir istehsalçı iyun ayında məhsulunu təşviq edən pərakəndə satıcılara endirim təklif edir.'
 'Bir avtomobil satıcısı müştəriyə istifadə olunmuş avtomobil müqabilində endirim təklif edir.']",2
"___________-ın yüksəlişi marketinqin tək tərəfli kütləvi kommunikasiya modelindən daha çox iştirakçı texnologiyalara (məsələn, sosial kanallar və onlayn icmalar) doğru inkişaf etməsinə səbəb olmuşdur.",marketing,['Vebsayt.' 'Sosial media.' 'Veb 1.0.' 'Veb platforması.'],1
Nysveen və Pedersen (2014) müştəri təcrübəsinin əsas ölçülərini əlavə etdilər. ______________ brendin istehlakçıları fiziki fəaliyyətlərə nə dərəcədə cəlb etdiyini göstərir.,marketing,['Affektiv ölçü.' 'İntellektual ölçü.' 'Davranış ölçüsü.' 'Sensor ölçü.'],2
Yeni texnologiya yeni mallar və xidmətlərə səbəb olur və həmçinin aşağıdakıları edə bilər:,marketing,"['Mövcud məhsulların keyfiyyətini aşağı salın.'
 'Müştəri xidmətinin mövcud səviyyəsini aşağı salın.'
 'Yeni istehsal və paylama metodları ilə qiymətləri azaldın.'
 'Köhnəlmiş hesab edilən məhsulları geri qaytarın.']",2
"Bunlar, adətən əvvəlcədən çox düşünmədən və ya nəzərə almadan alınan tez istifadə olunan mallar və ya xidmətlərdir:",marketing,['İmpuls məhsulları.' 'İstehsalçı məhsulları.' 'Rahatlıq məhsulları.' 'Lüks məhsullar.'],2
Marketinqdə termin olaraq təklif:,marketing,"['Yalnız gözlə görülə bilən, dadı hiss edilə bilən və ya toxunuşla hiss edilə bilən maddi əşyalara aiddir.'
 'İstehlakçı tələbatlarının qarşılanmasını əhatə edən geniş bir konsepsiyadır.'
 'Ancaq mallar, xidmətlər və ideyalarla məhdudlaşır.'
 'Heç vaxt paket dizaynı, marka adı və ya zəmanət kimi şeylərə aid edilmir.']",1
"Analitik məlumatları tənqidi baxımdan oxuyaraq bu məlumatların onların gözləntilərinə uyğun olub-olmadığını müəyyən etdikdə, bu, adətən belə adlanır:",marketing,['Üzünə etibarlılıq.' 'Etibarlılıq.' 'Nəzarət qrupu.' 'Fokus qrupu.'],0
Bir ölçək vasitəsilə əldə olunan dəyərlərin nə dərəcədə sabit və davamlı olduğunu təsvir edən termin hansıdır?,marketing,['Replikasiya.' 'Koddan əvvəl.' 'Etibarlılıq.' 'Rahatlıq.'],2
"_________ bir neçə üsulla müxtəlif növ qeyri-müəyyənlikləri azaltmağa imkan verir (Fill və McKee, 2012). Bunlar mürəkkəbliyi azaltmaq, dəyəri və rəqabət üstünlüyünü artırmaq, rutinləşdirmək və ixtisaslaşma təmin etmək kimi halları əhatə edir.",marketing,['Anbar.' 'Paylama.' 'Təchizat zənciri.' 'Marketinq kanalları.'],3
"Problemin mahiyyəti haqqında az bilgi olduğu zaman, problemi məlumatlı mənbələrlə müzakirə edərək və mövcud məlumatları araşdıraraq problemin səbəbini tapmağa çalışan tədqiqat aparılır. Bu növ tədqiqatdır:",marketing,['Vəziyyətin təhlili.' 'Məlumatların araşdırılması.' 'Kəşfiyyat tədqiqatı.' 'Nəticələrin təhlili.'],2
"Auditoriyanın brendlə təmasda olduğu zaman hər zaman vahid, uyğunlaşmış və ardıcıl mesajı qəbul etməsini təmin etmək üçün marketinq kommunikasiyaları qarışığının vasitələrinin əlaqələndirilməsi üsulu adlanır:",marketing,['İnteqrasiya olunmuş marketinq kommunikasiyaları (İMK).' 'Şəxsi satış (ŞS).' 'Birbaşa marketinq (BM).' 'Müştəri xidməti (MX).'],0
Aşağıdakı istehlakçı alış-veriş davranışlarından hansı ən az səy tələb edir?,marketing,['Yüksək iştiraklı satınalma vəziyyəti.' 'Yeni satınalma vəziyyəti.' 'Rutin satınalma.' 'İmpulsiv satınalma.'],2
________________ bazarda necə rəqabət aparılacağına və şirkətin müştərilərinə ən yaxşı şəkildə necə xidmət etməli olduğuna dair xüsusi qərarların qəbul edilməsinə aparan bir prosesdir.,marketing,['Portfel təhlili.' 'Ətraf mühitin skan edilməsi.' 'Strateji marketinq.' 'Marketinq araşdırması.'],2
Alıcının diqqətini cəlb etmək və onu alış-verişə təşviq etmək üçün əsas məqsədi olan media növü hansıdır? (Misallara satış nöqtələrindəki ekranlar və qablaşdırma daxildir.),marketing,['Yayımlanan media.' 'İnteraktiv media.' 'Mağaza içi media.' 'Dəstək media.'],2
"Bir tərəfin, qarşı tərəfə maliyyə vəsaiti, xidmətlər və ya resurslar müqabilində hədəf auditoriya ilə əlaqəni istismar etmək imkanı verdiyi kommersiya fəaliyyəti belə adlanır:",marketing,['Reklam.' 'Mübadilə.' 'Sponsorluq.' 'İctimaiyyətlə əlaqələr.'],2
Qeyri-təsadüfi nümunə növlərinə daxildir:,marketing,['Rahatlıq və kvota nümunələri.' 'Klaster və rahatlıq nümunələri.' 'Stratifikasiya edilmiş və rahatlıq nümunələri.' 'Təsadüfi və klaster nümunələri.'],0
Bunlar malları orta və uzun müddət saxlamaq üçün nəzərdə tutulub:,marketing,['Anbarlar.' 'Paylama mərkəzləri.' 'Daşıma nəqliyyatı.' 'Elektron məlumat mübadiləsi.'],0
"Robert qlobal istehlak məhsulları şirkətində marketinq mütəxəssisidir. O, yeni beynəlxalq bazarda hədəf auditoriyaya çatmaq üçün nəzərdə tutulmuş tanıtım kampaniyası üzərində işləyir. Robert tanıtım kampaniyasının həmin ölkənin istehlakçıları tərəfindən aydın başa düşülməsinə və heç kəsi incitməməsinə çalışır. O, xarici mühitin hansı amilləri tərəfindən təsirlənir?",marketing,['Sosial-mədəni mühit.' 'Rəqabət mühiti.' 'İqtisadi mühit.' 'Hüquqi mühit.'],0
"____________________ həmin hədəf bazarına müraciət edən, lakin bazarın ehtiyacını ödəmək üçün fərqli təklif təqdim edənlərdir, məsələn, Spotify, Sony və Apple's iPod.",marketing,"['Birbaşa rəqabətlər.' 'Birbaşa təchizatçılar.' 'Dolayı distribütorlar.'
 'Dolayı rəqabətlər.']",3
STP prosesinin əsas üstünlüyü:,marketing,"['Şirkət resurslarının ən yüksək ROMI vəd edən hədəf bazar seqmentlərinə daha effektiv və səmərəli uyğunlaşdırılması.'
 'Marketinq strategiyaları üçün istiqamət və fokus təmin etməklə şirkətin rəqabət mövqeyinin artırılması.'
 'Yeni müştərilərin, böyümə seqmentlərinin və ya yeni məhsul istifadələrinin müəyyən edilməsi yolu ilə bazarda böyümə imkanlarının tədqiqi və müəyyən edilməsi.'
 'Yuxarıda sadalananların hamısı.']",3
"____________ həm də sponsorluğun bir formasıdır və film/TV istehsalçıları ilə brend menecerləri arasında bir əlaqəni təmsil edir. Bu anlaşma vasitəsilə, brend menecerləri öz brendlərini müəyyən bir məbləğ qarşılığında filmdə və ya əyləncə tədbirində ""təbii"" şəkildə təqdim edə bilirlər. Belə yerləşdirmə, brendin tanınmasını artırmaq, brend haqqında müsbət münasibətlər formalaşdırmaq və bəlkə də satınalma fəaliyyətinə səbəb olmaq məqsədi daşıyır.",marketing,['Brend yerləşdirməsi.' 'Sahə marketinqi.' 'Sərgi.' 'Viral marketinq.'],0
"Marketinqin idarə edilməsi və həyata keçirilməsi rəqəmsal elektron texnologiyalar və kanallar (məsələn, veb, e-poçt, rəqəmsal TV, simsiz media) və istifadəçi/müştəri xüsusiyyətləri və davranışı haqqında rəqəmsal məlumatlar vasitəsilə həyata keçirilir:",marketing,['E-marketing.' 'Sosial marketinq.' 'Rəqəmsal marketinq' 'İnternet marketinq.'],2
"___________, bir veb-saytın strukturu və məzmunu uyğun açar sözlər və axtarış ifadələri istifadə etməklə üzvi axtarış motoru nəticələri səhifələrindəki sıralamasını maksimuma çatdırmaq üçün təkmilləşdirildikdə baş verir.",marketing,"['Ödənişli daxilolma.' 'Axtarış sistemi optimizasiyası.' 'Kontekstual axtarış.'
'Klik başına ödəniş.']",1
"İnternetdən reklam məqsədilə istifadə edən, veb saytın trafikini artırmağa və/və ya məhsul sınağını, alışını və təkrar alış fəaliyyətini təşviq etməyə yönəlmiş marketinq kommunikasiyaları forması adlanır:",marketing,['Axtarış marketinqi.' 'E-poçt marketinqi.' 'İnternet reklamçılığı.' 'Sosial veb marketinq.'],2
"Bu marka siyasəti bütün məhsulların təşkilatın adını tamamilə və ya qismən istifadə etməsini tələb edir, məsələn, Microsoft, Heinz və Kellogg's.",marketing,['Fərdi brendləşdirmə.' 'Ailə brendləşdirməsi.' 'Korporativ brendlər.' 'İstehsalçı brendi.'],1
İnandırıcı kommunikasiya təqdim etmək və auditoriyaların həmin kommunikasiyanı mövcud anlayışlarına uyğunlaşdırmaq üçün onu şərh etmək hərəkəti olaraq adlandırılır:,marketing,['Tələblərin müəyyənləşdirilməsi.' 'Yenilik.' 'Reklam.' 'Çərçivələmə.'],3
"Bir təşkilat standart məhsulları qəbul edilən keyfiyyət səviyyələrində təklif edə bilər, lakin yenə də _____________ qəbul etməklə orta səviyyədən yuxarı mənfəət marjası yarada bilər",marketing,['Xərc liderliyi.' 'Fərqləndirmə.' 'Fokus strategiyası.' 'Bazar izləyici strategiyası.'],0
Aşağıdakılardan hansı marketoloqların rəqəmsal resurslardan istifadə edərkən nəzərə almaları lazım olan məsələlərdən biri deyil?,marketing,['Yurisdiksiya.' 'Açıqlama.' 'Mülkiyyət.' 'İcazələr.'],1
Hansı media növü reklamçılara müəyyən məhsulun istifadəsinin üstünlüklərini nümayiş etdirməyə kömək edir və reklamçının mesajına canlanma və enerji gətirə bilər?,marketing,['Yayım mediası.' 'İnteraktiv media.' 'Çap mediası.' 'Dəstək mediası.'],0
Əlində olan malların davamlı hesabatını aparmaq prosesi ,marketing,['davamlı inventar' 'iqtisadi sifariş miqdarı' 'kitab inventarı' 'fiziki inventar'],0
"Bu, məlumatın ötürülməsi yolu ilə yaranan mənanın paylaşılmasıdır:",marketing,['Kommunikasiya.' 'Səs.' 'Köçürmə.' 'Anlama.'],0
Münasibət marketinqində şirkətlər __________ ilə __________ münasibətlərə diqqət yetirirlər.,marketing,['Qısamüddətli; müştərilər və maraqlı tərəflər.' 'Uzunmüddətli; müştərilər və maraqlı tərəflər.' 'Qısamüddətli; müştərilər.' 'Uzunmüddətli; müştərilər.'],1
Aşağıdakılardan hansı müştərilərin malı və ya xidməti tapmaq imkanını maksimum dərəcədə artırmaq üçün məhsulunuzu və ya xidmətinizi mümkün qədər çox satış nöqtəsində və ya yerdə yerləşdirmək deməkdir?,marketing,['Eksklüziv distribusiya.' 'İntensiv distribusiya.' 'Selektiv distribusiya.' 'Birbaşa distribusiya.'],1
_______________ bir dəyişənin digər dəyişəndə təsirə səbəb olub-olmadığını müəyyən etmək üçün istifadə olunur. Səbəb-nəticə əlaqəsini müəyyən etmək üçün eksperimental və ya uzunmüddətli tədqiqatlar tələb olunur.,marketing,['Etnoqrafik tədqiqat.' 'İstehlakçı münsifləri.' 'Səbəb-nəticə tədqiqatı.' 'Fokus qrupları.'],2
İnsan redaktorları tərəfindən idarə olunan və vebsaytları kateqoriya və alt kateqoriya üzrə təsnif edən informasiya bazası belə adlanır:,marketing,['Axtarış kataloqu.' 'Avtomatlaşdırılmış səs cavabı (AVC).' 'Tətbiqlər.' 'SEO.'],0
Xidmətlər beş fərqli xüsusiyyətlə xarakterizə olunur. Bunlar:,marketing,"['Qeyri-maddi, dəyər, dəyişkənlik, ayrılmazlıq və mülkiyyətin olmaması.'
 'Qeyri-maddi, dəyər, dəyişkənlik, ayrılmazlıq və mənfəətlilik.'
 'Qeyri-maddi, xarab olma, dəyişkənlik, ayrılmazlıq və mülkiyyətin olmaması.'
 'Qeyri-maddi, dəyər, dəyişkənlik, ayrılmazlıq və əlaqə.']",2
"Bir şirkət məhsulunu iki fərqli yerdə iki müxtəlif qiymətə satır. Aşağıdakılardan hansı tədqiqat növü bütün digər marketinq faktorları sabit qalarsa, məhsul üçün optimal qiyməti müəyyən etməkdə ən təsirli olacaq?",marketing,['Təsviri' 'Araşdırıcı' 'Etnoqrafik' 'Səbəb-nəticə'],3
Qiymət rəqabətə nisbətən aşağı təyin edildikdə bazar payını qazanmaq üçün bu strategiya belə adlanır:,marketing,['Premium qiymət.' 'Qiymət skimmingi.' 'İqtisadi qiymət.' 'Penetrasiya qiyməti.'],3
Aşağıdakılardan hansı KSM təşəbbüslərinin inkişaf etdirilməsi üçün əsas deyil?,marketing,"['Korporasiyaların təkliflərini mənfəət əldə etməklə istehsal etməkdən başqa məsuliyyətləri var.'
 'Korporasiyaların yalnız səhmdarlar deyil, daha geniş maraqlı tərəfləri də var.'
 'Korporasiyaların təsiri sadəcə bazar əməliyyatları ilə məhdudlaşır.'
 'Korporasiyalar yalnız iqtisadi dəyərlərə diqqət yetirməklə əhatə olunmayan daha geniş insan dəyərlərinə xidmət edirlər.']",2
"Bu biznesdən-biznesə qiymət təyini yanaşması, uzunmüddətli münasibət qurmaq məqsədilə təklifin qiymətini müştərilərin ehtiyaclarına uyğun təyin etməzdən əvvəl onların tələblərini anlamağa çalışır. Bu, belə adlanır:",marketing,['Coğrafi qiymət müəyyənləşdirmə.' 'Endirimli qiymət müəyyənləşdirmə.' 'Münasibətə əsaslanan qiymət müəyyənləşdirmə.' 'İstifadə dəyərinə görə qiymət müəyyənləşdirmə.'],2
"Bu forma reklam sosial platformalar və sosial oyun vebsaytları və tətbiqlərində, bütün cihaz növlərində yayımlanan reklam kimi tanınır:",marketing,['Mobil marketinq.' 'Sosial media reklamı.' 'İnternet reklamı.' 'E-marketinq.'],1
İkincili məlumatların ilkin məlumatlara nisbətdə iki mühüm üstünlüyü var. Bu üstünlüklər aşağıdakılardır:,marketing,"['Sürətli ekoloji dəyişikliklərə və texniki təkmilləşdirmələrə uyğunlaşma qabiliyyətinə malikdir.'
 'Həmişə mövcud və tamdır.'
 'Nadir hallarda köhnəlir və adətən probleminizin ölçülərinə uyğun gəlir.'
 'Adətən ilkin məlumatlardan daha ucuz toplanır və tapmaq üçün daha az vaxt tələb edir.']",3
"İnternet vasitəsilə fəaliyyət göstərən təşkilatlar, son istifadəçilər də daxil olmaqla kanal iştirakçılarına məlumat vermək məqsədi ilə yaradılan təşkilatlar olaraq adlandırılır:",marketing,['İnformediatorlar.' 'Pərakəndə satıcılar.' 'Universal mağazalar.' 'Topdansatışçılar.'],0
"B2B kontekstində, ___________ böyük təşkilatlarda baş verir, burada müxtəlif şirkət bölmələri arasında əhəmiyyətli daxili əlaqələr, tez-tez milli sərhədləri aşaraq, həyata keçirilir.",marketing,"['Qiymət artımı.' 'Transfer qiymətləri.' 'Nə qədər istəyirsən, o qədər ödə.' 'EVC qiymətləri.']",1
"Bu, bir məhsul və ya xidmətin adətən tamamlayıcı olan digər məhsul və ya xidmətlə birlikdə təklif edildiyi vəziyyətdir:",marketing,['Məhsulun qiymətləndirilməsi.' 'Qiymət fərqləndirilməsi.' 'Təmiz qiymət paketlənməsi.' 'Tək rəqəmli qiymətləndirmə.'],2
"Bu, gələcəkdə bir vaxt təşkilatın potensial fəaliyyətini pozmaq və/və ya azaltmaq ehtimalı olan bir şeydir.",marketing,['Güclü cəhətlər.' 'Zəif cəhətlər.' 'Təhlükə.' 'İmkanlar.'],2
"Yüksək səviyyədə biznes uğursuzluqları və işsizlik olduğu zaman, biznes dövrünün aşağıdakı mərhələlərindən hansında olduğu deyilir?",marketing,['Genişlənmə' 'Zirvə' 'Bərpa' 'Dib'],3
"Bir çox pərakəndə markası təşkilatın adı əsasında tək bir çətir markası qəbul edir. Bu, belə adlandırılır:",marketing,['Ailə markalaşması.' 'Korporativ markalar.' 'Fərdi markalaşma.' 'İstehsalçı markası.'],1
"Müştəri təcrübəsinin həm fərdlər, həm də cəmiyyət üçün əhəmiyyəti və dəyəri belə adlandırılır:",marketing,['Bilik iqtisadiyyatı.' 'Xidmət iqtisadiyyatı.' 'Təcrübə iqtisadiyyatı.' 'Müştəri iqtisadiyyatı.'],2
"________________alış qərarının qəbul edilməsində alıcının yüksək səviyyədə iştirakını əks etdirir. Bu qərarlarda yüksək dərəcədə qəbul edilən risk mövcuddur, buna görə də istehlakçılar son qərarı vermək üçün çox vaxt, diqqət və enerji sərf edirlər.",marketing,['Davamlı mallar.' 'Davamlı olmayan mallar.' 'Rahatlıq məhsulları.' 'Xidmətlər.'],0
"____________ rəqəmsal marketinqin bir formasıdır və sosial veb və sosial media (məsələn, sosial şəbəkələr, onlayn icmalar, bloqlar və ya vikilər) və ya hər hansı bir onlayn əməkdaşlıq texnologiyasından marketinq fəaliyyətləri üçün istifadəni təsvir edir, istər satış, ictimai əlaqələr, tədqiqat, paylama və ya müştəri xidməti olsun.",marketing,['Klik başına ödəniş (PPC)' 'Rəqəmsal aktivlərin optimizasiyası (DAO)' 'Sosial media marketinqi (SMM)' 'Axtarış motorunun optimizasiyası (SEO)'],2
"Qeyri-elastik tələbat meydana gəlir ki,",marketing,"['tələb olunan miqdar qiymət dəyişdikcə çox dəyişir'
 'tələb olunan miqdar qiymət dəyişikliyi ilə demək olar ki, dəyişmir'
 'tələb olunan miqdardakı dəyişiklik qiymət dəyişikliyi ilə eyni nisbətdədir'
 'tələb əyrisi və təklif əyrisi müəyyən bir qiymət nöqtəsində kəsişir']",1
"Bir şəxs öz ehtiyaclarını ən əsas səviyyədə ödəməyə çalışırsa, Maslou ehtiyaclar iyerarxiyasının ""ehtiyac"" adlanan səviyyəsində fəaliyyət göstərir:",marketing,['Özünügerçəkləşdirmə.' 'Hörmət.' 'Fizioloji ehtiyaclar.' 'Mənsubluq.'],2
"Adopsiya prosesinin __________ mərhələsində, innovasiya ilk dəfə sınaqdan keçirilir. Satış təşviqatları tez-tez nümunələr kimi istifadə olunur ki, fərdlər məhsulu heç bir risk olmadan sınaqdan keçirsinlər. Fərdlər innovasiyanı sınaq təcrübələrinə əsaslanaraq qəbul edir və ya rədd edirlər.",marketing,['Bilik.' 'Tətbiq.' 'Təlqin.' 'Qərar.'],1
Hansı texnika əvvəlki tədqiqat məqsədləri üçün toplanmış məlumatları cari tədqiqat vəziyyəti üçün toplamaq üçün istifadə olunur?,marketing,['Birincil tədqiqat.' 'İkincil tədqiqat.' 'Birincil və ikincil.' 'Birincil və masaüstü tədqiqat.'],1
"Mövcud davranış dəyişiklikləri aydın şəkildə göstərir ki, ______ istehlakçıların onlayn axtarışlarının daha çox hissəsini ələ keçirir.",marketing,['Sosial media.' 'Mobil.' 'İnternet.' 'Bloq.'],1
"Qatar, təyyarə havaya qalxdıqdan və ya film başladıqdan sonra, həmin yerlər itirilir və bir daha satıla bilməz. Bu, belə adlandırılır:",marketing,['Ayrılmazlıq.' 'Dəyişkənlik.' 'Qeyri-maddi.' 'Fani olma.'],3
"Qatar operatoru müştərilərin rahat oturacaq istəklərini başa düşsə də, hər marşrutda gözlənilən sərnişin sayına nisbətən neçə oturacaq təmin edilməli olduğunu dəqiq göstərmir. Bu, bir nümunədir:",marketing,"['GAP 2-idarəetmə qavrayışı ilə xidmət keyfiyyəti tələbləri arasındakı boşluq.'
 'GAP1-müştərinin gözləntiləri ilə idarəetmə qavrayışı arasındakı boşluq.'
 'GAP 3-xidmət keyfiyyəti tələbləri ilə xidmətin təqdim edilməsi arasındakı boşluq.'
 'GAP 4-xidmətin təqdim edilməsi ilə xarici kommunikasiyalar arasındakı boşluq.']",0
"Bu, kommunikasiya prosesinin bir hissəsidir və alıcıların verdiyi cavablara aiddir:",marketing,['Kodlama.' 'Dekodlama.' 'Transfer.' 'Əlaqə.'],3
İqtisadi—marketinq qısamüddətli iqtisadi inkişafdan çox uzunmüddətli iqtisadi inkişafı təşviq etməlidir.,marketing,"['Ekoloji, təkamül, və iqtisadi'
 'Ekoloji, ədalətli, və iqtisadi'
 'Təkamül, ədalətli, və iqtisadi.'
 'Ekoloji, ədalətli, və yaranan.']",1
"Fərdlər ətraf mühitə tamamilə daxil olur və aktiv şəkildə iştirak edərək ətraf mühitdəki faktiki performanslara və ya hadisələrə təsir göstərirlər. Bu, belə adlanır:",marketing,['Təhsil sahəsi.' 'Qaçış sahəsi.' 'Estetik sahə.' 'Əyləncə sahəsi.'],1
"Bu, müştərilər, potensial müştərilər və digər mühüm maraqlı tərəflərlə şəxsi və vasitəçi olmayan ünsiyyəti yaratmaq və saxlamaq üçün qeyri-şəxsi mediadan istifadə edən bir marketinq ünsiyyət vasitəsidir.",marketing,['Birbaşa marketinq.' 'Reklam.' 'İctimaiyyətlə əlaqələr.' 'Satış təşviqi.'],0
"İddia edilib ki, münasibət etibarının inkişafından əldə olunan üç əsas nəticə məmnunluq, ___________ və davamlılıqdır (Pavlou, 2002).",marketing,['Azaldılmış qavranılan risk.' 'Xidmətin bərpası.' 'Xidmət prosesləri.' 'Effektivlik.'],0
Ailə həyat dövrü:,marketing,"['Psixoqrafik seqmentləşdirməni tətbiq etmə üsuludur.'
 'Ailə quruluşunun formalaşması və dağılması prosesinə aiddir.'
 'Yaş, peşə, gəlir və yaşayış yeri arasındakı əlaqələrə dair anlayışlar verir.'
 'Körpəlikdən təqaüdə qədər şəxsi inkişafın 11 mərhələsindən ibarətdir.']",1
bu tam xidmət göstərən,marketing,['Konsultant.' 'Sahə agentliyi.' 'Tam xidmət agentliyi.' 'Cədvəl agentliyi.'],2
"Bir şirkət satış mesajını, reklam mesajını və promosyon mövzusunu müəyyən bir bazar sektorunun mal və ya xidməti rəqabətlə müqayisədə necə qəbul etdiyini təsir etmək üçün qurur. Şirkət əsasən məşğuldur",marketing,['seqmentasiya' 'kütləvi fərdiləşdirmə' 'konsentrasiyalı hədəfləmə' 'mövqeləndirmə'],3
"Bu qiymətqoyma yanaşmasında, qiymətqoyma prosesi məhsul təklifinin dəyəri ilə deyil, müştəri ilə başlayır:",marketing,"['Dəyər əsaslı qiymət.' 'Maya dəyəri əsaslı qiymət.' 'Müştəri yönümlü qiymət.'
 'Satış qiyməti.']",0
___________ müştərinin alacağı xidmətlə bağlı gözləntilərinin onların real xidmət qarşılaşması ilə bağlı qavrayışını formalaşdıracağı ideyasına əsaslanır.,marketing,['Xidmət keyfiyyəti.' 'Xidmət tədbiri.' 'Xidmətin bərpası.' 'Xidmət məmnuniyyəti.'],0
İlk dəfə xüsusi olaraq marketinq tədqiqatı üçün toplanan məlumatlar adlanır:,marketing,['İkincil tədqiqat.' 'Birincil tədqiqat.' 'Yumşaq tədqiqat.' 'Eksperimental tədqiqat.'],1
"Bura telefon nömrələri, veb sayt ünvanları, elektron poçt və poçt ünvanları kimi 'cavaba çağırış' mexanizmlərini ehtiva edən reklamlar daxildir:",marketing,['Birbaşa cavab reklamçılığı.' 'Satış təşviqləri.' 'Kütləvi informasiya vasitələri ilə reklam.' 'İctimaiyyətlə əlaqələr.'],0
Aşağıdakılardan hansı xarici marketinq mühitinin bir hissəsi deyil?,marketing,['Siyasi.' 'Hüquqi.' 'Məhsul.' 'Sosiomədəni.'],2
 Mübadilənin baş verməsi üçün: ,marketing,['Mürəkkəb ictimai sistem iştirak etməlidir.' 'Təşkil olunmuş marketinq fəaliyyəti də baş verməlidir.' 'Mənfəət yönümlü təşkilat iştirak etməlidir.' 'Hər bir tərəfin digər tərəf üçün dəyərli bir şeyi olmalıdır.'],3
"Paylama şəbəkəsində ardıcıl üzvlər arasında, məsələn, istehsalçılar, distribyutorlar və pərakəndə satıcılar arasında müəyyən çeşidin saxlanılması və ya qiymət artımları kimi məsələlərdə yaranan münaqişə belə adlanır:",marketing,['Kanal münaqişəsi.' 'Üfüqi münaqişə.' 'Şaquli münaqişə.' 'Təchizat zənciri münaqişəsi.'],2
Aşağıdakıların hansısı xərcəsaslı qiymətqoymanın nümunəsidir?,marketing,"'Qiyməti müştərinin ödəməyə hazır olduğu məbləğə əsaslandırmaq'
'Qiyməti müştərinin psixoloji gözləntilərinə əsaslandırmaq'
'Qiyməti məhsulun xüsusiyyətləri və üstünlüklərinə əsaslandırmaq'
'Qiyməti istehsalın tam dəyəri və tələb olunan mənfəətə əsaslandırmaq'",3
Marketinq mütəxəssislərinin etnik qrupların əhəmiyyətini tanımasının nəticələrindən hansının adətən müşahidə edilməməsi?,marketing,"['Fərqləndirilməmiş bir ölçü-hamıya uyğun marketinq strategiyasının tətbiqi.'
 'Reklamın, xüsusilə də xarici dillərin istifadəsinin hədəf etnik bazara uyğunlaşdırılması.'
 'Müəyyən qrupun istəklərinə cavab verən məhsul təkliflərində dəyişikliklər.'
 'Bazar seqmentlərini müəyyən etmək üçün etnik alış-veriş vərdişlərinin öyrənilməsi.']",0
"_______________, zaman keçdikcə mühitimizə nisbətən sabit bir şəkildə necə reaksiya verdiyimizi müəyyən edən psixikamızın bir aspekti kimi müəyyən edilə bilər.",marketing,['Qavrayış.' 'Şəxsiyyət.' 'Öyrənmə.' 'Yaddaş.'],1
"Adətən xarici marketinq mühitini təşkil edən altı ölçü bunların hamısını əhatə edir, lakin aşağıdakılar istisna olmaqla:",marketing,['Siyasi mülahizələr.' 'Qlobal amillər.' 'Sosiomədəni aspektlər.' 'İqtisadi məsələlər.'],1
